Fatty_acid,Acyl_mass
16_3,249.18546
16_0,255.23246
18_3,277.21676
