Fatty_acid,Acyl_mass
16_3,249.18546
16_2,251.20116
16_1,253.21676
16_0,255.23246
18_3,277.21676
18_2,279.23246
18_1,281.24806
18_0,283.26376
20_3,305.24806
20_2,307.26376
20_1,309.27936
20_0,311.29506
22_3,333.27936
22_2,335.29506
22_1,337.31066
22_0,339.32636
24_1,365.34196
24_0,367.35766
26_1,393.37326
26_0,395.38896
